"","GO","AncestorGroup","AncestorGroupIndex","Color","Label"
"1","GO.0000002","cellular component organization or biogenesis",1344,239,1
"2","GO.0000012","nitrogen compound metabolic process,cellular metabolic process,primary metabolic process,organic substance metabolic process,cellular response to stimulus,response to stress",3194,596,0
"3","GO.0000027","cellular component organization or biogenesis",1344,239,1
"4","GO.0000028","cellular component organization or biogenesis",1344,239,0
"5","GO.0000038","cellular metabolic process,primary metabolic process,small molecule metabolic process,organic substance metabolic process",1564,314,1
"6","GO.0000045","catabolic process,cellular metabolic process,process utilizing autophagic mechanism,cellular component organization or biogenesis",363,62,1
"7","GO.0000050","nitrogen compound metabolic process,biosynthetic process,cellular metabolic process,small molecule metabolic process,organic substance metabolic process",2880,546,1
"8","GO.0000070","cell cycle,chromosome segregation,cell cycle process,cellular component organization or biogenesis",1099,194,1
"9","GO.0000076","cell cycle,cell communication,signal transduction,cell cycle process,negative regulation of cellular process,regulation of cellular process,cellular response to stimulus,negative regulation of biological process,regulation of biological process",1036,178,0
"10","GO.0000077","cell cycle,cell communication,signal transduction,cell cycle process,negative regulation of cellular process,regulation of cellular process,cellular response to stimulus,negative regulation of biological process,response to stress,regulation of biological process",1037,179,1
"11","GO.0000079","nitrogen compound metabolic process,regulation of metabolic process,cellular metabolic process,primary metabolic process,organic substance metabolic process,cell cycle,regulation of cellular process,regulation of biological process,regulation of molecular function",3326,637,1
"12","GO.0000082","cell cycle,cell cycle process",1045,181,1
"13","GO.0000083","nitrogen compound metabolic process,biosynthetic process,regulation of metabolic process,cellular metabolic process,primary metabolic process,organic substance metabolic process,cell cycle,cell cycle process,regulation of cellular process,regulation of biological process",3005,560,1
"14","GO.0000086","cell cycle,cell cycle process",1045,181,1
"15","GO.0000132","microtubule-based process,cell cycle,establishment or maintenance of cell polarity,cell cycle process,cellular localization,cellular component organization or biogenesis,establishment of localization",2147,420,1
"16","GO.0000165","cell communication,signal transduction,regulation of cellular process,cellular response to stimulus,regulation of biological process",966,158,1
"17","GO.0000183","negative regulation of metabolic process,regulation of metabolic process,organic substance metabolic process,cellular component organization or biogenesis,negative regulation of biological process,regulation of biological process",2797,525,0
"18","GO.0000184","nitrogen compound metabolic process,catabolic process,negative regulation of metabolic process,regulation of metabolic process,cellular metabolic process,primary metabolic process,organic substance metabolic process,negative regulation of biological process,regulation of biological process",3117,576,1
"19","GO.0000209","nitrogen compound metabolic process,cellular metabolic process,primary metabolic process,organic substance metabolic process",3181,592,1
"20","GO.0000226","microtubule-based process,cellular component organization or biogenesis",2149,421,1
"21","GO.0000244","nitrogen compound metabolic process,cellular metabolic process,primary metabolic process,organic substance metabolic process,cellular component organization or biogenesis",3189,594,1
"22","GO.0000245","nitrogen compound metabolic process,cellular metabolic process,primary metabolic process,organic substance metabolic process,cellular component organization or biogenesis",3189,594,1
"23","GO.0000266","cellular component organization or biogenesis",1344,239,0
"24","GO.0000278","cell cycle",1031,177,1
"25","GO.0000281","cell cycle,cell cycle process,cell division",1056,182,1
"26","GO.0000288","nitrogen compound metabolic process,catabolic process,biosynthetic process,negative regulation of metabolic process,positive regulation of metabolic process,regulation of metabolic process,cellular metabolic process,primary metabolic process,organic substance metabolic process,positive regulation of cellular process,negative regulation of cellular process,regulation of cellular process,positive regulation of biological process,negative regulation of biological process,regulation of biological process,regulation of biological quality",3066,564,0
"27","GO.0000289","nitrogen compound metabolic process,catabolic process,biosynthetic process,negative regulation of metabolic process,positive regulation of metabolic process,regulation of metabolic process,cellular metabolic process,primary metabolic process,organic substance metabolic process,positive regulation of cellular process,negative regulation of cellular process,regulation of cellular process,positive regulation of biological process,negative regulation of biological process,regulation of biological process,regulation of biological quality",3066,564,0
"28","GO.0000290","nitrogen compound metabolic process,catabolic process,biosynthetic process,negative regulation of metabolic process,positive regulation of metabolic process,regulation of metabolic process,cellular metabolic process,primary metabolic process,organic substance metabolic process,positive regulation of cellular process,negative regulation of cellular process,regulation of cellular process,positive regulation of biological process,negative regulation of biological process,regulation of biological process,regulation of biological quality",3066,564,0
"29","GO.0000302","response to stress,response to chemical",4239,808,1
"30","GO.0000338","nitrogen compound metabolic process,cellular metabolic process,primary metabolic process,organic substance metabolic process",3181,592,0
"31","GO.0000375","nitrogen compound metabolic process,cellular metabolic process,primary metabolic process,organic substance metabolic process",3181,592,1
"32","GO.0000380","nitrogen compound metabolic process,cellular metabolic process,primary metabolic process,organic substance metabolic process",3181,592,1
"33","GO.0000381","nitrogen compound metabolic process,regulation of metabolic process,cellular metabolic process,primary metabolic process,organic substance metabolic process,regulation of cellular process,regulation of biological process",3336,641,1
"34","GO.0000387","nitrogen compound metabolic process,cellular metabolic process,primary metabolic process,organic substance metabolic process,cellular component organization or biogenesis",3189,594,0
"35","GO.0000395","nitrogen compound metabolic process,cellular metabolic process,primary metabolic process,organic substance metabolic process,cellular component organization or biogenesis",3189,594,0
"36","GO.0000413","nitrogen compound metabolic process,cellular metabolic process,primary metabolic process,organic substance metabolic process",3181,592,1
"37","GO.0000422","catabolic process,cellular metabolic process,process utilizing autophagic mechanism,cellular component organization or biogenesis",363,62,1
"38","GO.0000423","catabolic process,cellular metabolic process,process utilizing autophagic mechanism,cellular component organization or biogenesis",363,62,0
"39","GO.0000460","nitrogen compound metabolic process,cellular metabolic process,primary metabolic process,organic substance metabolic process,cellular component organization or biogenesis",3189,594,0
"40","GO.0000462","nitrogen compound metabolic process,cellular metabolic process,primary metabolic process,organic substance metabolic process,cellular component organization or biogenesis",3189,594,1
"41","GO.0000463","nitrogen compound metabolic process,cellular metabolic process,primary metabolic process,organic substance metabolic process,cellular component organization or biogenesis",3189,594,0
"42","GO.0000470","nitrogen compound metabolic process,cellular metabolic process,primary metabolic process,organic substance metabolic process,cellular component organization or biogenesis",3189,594,0
"43","GO.0000492","cellular component organization or biogenesis",1344,239,0
"44","GO.0000712","reproductive process,nitrogen compound metabolic process,cellular metabolic process,primary metabolic process,organic substance metabolic process,cell cycle,chromosome segregation,cell cycle process,cellular component organization or biogenesis,meiotic cell cycle,meiotic cell cycle process",4162,792,0
"45","GO.0000722","nitrogen compound metabolic process,cellular metabolic process,primary metabolic process,organic substance metabolic process,cellular component organization or biogenesis",3189,594,0
"46","GO.0000723","nitrogen compound metabolic process,cellular metabolic process,primary metabolic process,organic substance metabolic process,cellular component organization or biogenesis",3189,594,2
"47","GO.0000724","nitrogen compound metabolic process,cellular metabolic process,primary metabolic process,organic substance metabolic process,cellular response to stimulus,response to stress",3194,596,2
"48","GO.0000727","nitrogen compound metabolic process,cellular metabolic process,primary metabolic process,organic substance metabolic process,cellular response to stimulus,response to stress",3194,596,2
"49","GO.0000731","nitrogen compound metabolic process,biosynthetic process,cellular metabolic process,primary metabolic process,organic substance metabolic process,cellular response to stimulus,response to stress",2867,541,1
"50","GO.0000737","nitrogen compound metabolic process,catabolic process,cellular metabolic process,primary metabolic process,organic substance metabolic process",3077,566,0
"51","GO.0000902","anatomical structure morphogenesis,anatomical structure development",79,22,1
"52","GO.0000956","nitrogen compound metabolic process,catabolic process,negative regulation of metabolic process,regulation of metabolic process,cellular metabolic process,primary metabolic process,organic substance metabolic process,negative regulation of biological process,regulation of biological process",3117,576,1
"53","GO.0001501","multicellular organism development,anatomical structure development",2451,469,1
"54","GO.0001502","cell aggregation,multicellular organism development,anatomical structure morphogenesis,anatomical structure development",556,94,1
"55","GO.0001503","907",907,907,1
"56","GO.0001504","establishment of localization,regulation of biological quality",1685,349,1
"57","GO.0001508","regulation of biological quality",3607,707,0
"58","GO.0001510","nitrogen compound metabolic process,methylation,cellular metabolic process,primary metabolic process,organic substance metabolic process",3219,604,0
"59","GO.0001516","biosynthetic process,cellular metabolic process,primary metabolic process,small molecule metabolic process,organic substance metabolic process",188,32,1
"60","GO.0001523","cellular metabolic process,primary metabolic process,organic substance metabolic process",1558,313,1
"61","GO.0001541","reproductive process,developmental process involved in reproduction,multicellular organism development,anatomical structure development",3996,782,1
"62","GO.0001556","sexual reproduction,reproductive process,multicellular organism reproduction,cellular process involved in reproduction in multicellular organism,cellular developmental process,developmental process involved in reproduction,multi-organism reproductive process,multicellular organismal reproductive process,developmental maturation,anatomical structure development",4418,822,1
"63","GO.0001558","cell growth,regulation of cellular process,cellular component organization or biogenesis,regulation of growth,regulation of biological process",1247,221,1
"64","GO.0001561","catabolic process,cellular metabolic process,primary metabolic process,small molecule metabolic process,organic substance metabolic process",360,60,0
"65","GO.0001568","multicellular organism development,anatomical structure development",2451,469,1
"66","GO.0001569","morphogenesis of a branching structure,multicellular organism development,anatomical structure morphogenesis,anatomical structure formation involved in morphogenesis,anatomical structure development",2204,428,1
"67","GO.0001570","cellular developmental process,multicellular organism development,anatomical structure morphogenesis,anatomical structure development",1406,265,1
"68","GO.0001574","nitrogen compound metabolic process,biosynthetic process,cellular metabolic process,primary metabolic process,organic substance metabolic process",2860,539,1
"69","GO.0001578","microtubule-based process,cellular component organization or biogenesis",2149,421,1
"70","GO.0001580","system process,response to chemical,detection of stimulus",4677,853,0
"71","GO.0001649","cellular developmental process,ossification",1421,268,1
"72","GO.0001654","multicellular organism development,anatomical structure development",2451,469,1
"73","GO.0001655","multicellular organism development,anatomical structure development",2451,469,1
"74","GO.0001656","multicellular organism development,anatomical structure development",2451,469,1
"75","GO.0001657","multicellular organism development,anatomical structure development",2451,469,1
"76","GO.0001658","morphogenesis of a branching structure,multicellular organism development,anatomical structure morphogenesis,anatomical structure development",2203,427,1
"77","GO.0001659","multicellular organismal homeostasis,regulation of biological quality",2639,492,1
"78","GO.0001662","behavioral defense response,multicellular organismal response to stress,response to stress",158,27,1
"79","GO.0001666","response to stress,response to abiotic stimulus",4234,806,1
"80","GO.0001675","sexual reproduction,reproductive process,multicellular organism reproduction,cellular process involved in reproduction in multicellular organism,cellular developmental process,cellular component organization or biogenesis,developmental process involved in reproduction,multi-organism reproductive process,multicellular organismal reproductive process,anatomical structure morphogenesis,anatomical structure formation involved in morphogenesis,anatomical structure development",4399,820,0
"81","GO.0001676","cellular metabolic process,primary metabolic process,small molecule metabolic process,organic substance metabolic process",1564,314,1
"82","GO.0001678","cellular homeostasis,regulation of biological quality",1481,289,1
"83","GO.0001682","nitrogen compound metabolic process,cellular metabolic process,primary metabolic process,organic substance metabolic process",3181,592,0
"84","GO.0001701","multicellular organism development,anatomical structure development",2451,469,1
"85","GO.0001702","multicellular organism development,anatomical structure morphogenesis,anatomical structure development",2464,471,0
"86","GO.0001706","multicellular organism development,anatomical structure morphogenesis,anatomical structure formation involved in morphogenesis,anatomical structure development",2471,472,0
"87","GO.0001707","multicellular organism development,anatomical structure morphogenesis,anatomical structure formation involved in morphogenesis,anatomical structure development",2471,472,1
"88","GO.0001708","cellular developmental process",1369,250,1
"89","GO.0001709","cellular developmental process",1369,250,1
"90","GO.0001731","nitrogen compound metabolic process,biosynthetic process,cellular metabolic process,primary metabolic process,organic substance metabolic process,cellular component organization or biogenesis",2865,540,0
"91","GO.0001732","nitrogen compound metabolic process,biosynthetic process,cellular metabolic process,primary metabolic process,organic substance metabolic process,cellular component organization or biogenesis",2865,540,0
"92","GO.0001736","anatomical structure morphogenesis,anatomical structure development",79,22,0
"93","GO.0001755","movement of cell or subcellular component,cellular developmental process,localization of cell,multicellular organism development,anatomical structure development,cell motility",2302,440,1
"94","GO.0001756","multicellular organism development,pattern specification process,anatomical structure morphogenesis,anatomical structure formation involved in morphogenesis,anatomical structure development",2530,481,1
"95","GO.0001764","movement of cell or subcellular component,cellular developmental process,localization of cell,multicellular organism development,anatomical structure development,cell motility",2302,440,1
"96","GO.0001771","leukocyte activation,cell activation,cell recognition",2069,403,0
"97","GO.0001774","leukocyte activation,cell activation",2066,401,1
"98","GO.0001775","907",907,907,0
"99","GO.0001778","cellular component organization or biogenesis,response to stress",1366,249,0
"100","GO.0001779","immune system development,leukocyte activation,cell activation,cellular developmental process,multicellular organism development,anatomical structure development",2009,388,1
"101","GO.0001782","leukocyte homeostasis,regulation of biological quality",2084,404,0
"102","GO.0001817","regulation of metabolic process,organic substance metabolic process,cytokine production,regulation of multicellular organismal process,regulation of biological process",3859,768,1
"103","GO.0001818","negative regulation of metabolic process,regulation of metabolic process,organic substance metabolic process,cytokine production,regulation of multicellular organismal process,negative regulation of multicellular organismal process,negative regulation of biological process,regulation of biological process",2800,527,1
"104","GO.0001819","positive regulation of metabolic process,regulation of metabolic process,organic substance metabolic process,cytokine production,regulation of multicellular organismal process,positive regulation of multicellular organismal process,positive regulation of biological process,regulation of biological process",3545,696,1
"105","GO.0001822","multicellular organism development,anatomical structure development",2451,469,1
"106","GO.0001823","multicellular organism development,anatomical structure development",2451,469,1
"107","GO.0001824","multicellular organism development,anatomical structure development",2451,469,1
"108","GO.0001825","multicellular organism development,anatomical structure morphogenesis,anatomical structure formation involved in morphogenesis,anatomical structure development",2471,472,0
"109","GO.0001829","cellular developmental process,multicellular organism development,anatomical structure morphogenesis,anatomical structure formation involved in morphogenesis,anatomical structure development",1408,266,1
"110","GO.0001833","cell population proliferation,multicellular organism development,developmental growth,anatomical structure development",1295,226,0
"111","GO.0001835","multicellular organism development,organism emergence from protective structure,anatomical structure development",2520,478,1
"112","GO.0001836","cell communication,signal transduction,cell death,regulation of cellular process,cellular response to stimulus,cellular component organization or biogenesis,regulation of biological process",745,130,1
"113","GO.0001837","cellular developmental process,multicellular organism development,anatomical structure development",1405,264,1
"114","GO.0001843","multicellular organism development,anatomical structure morphogenesis,anatomical structure formation involved in morphogenesis,anatomical structure development",2471,472,1
"115","GO.0001867","immune effector process,activation of immune response,regulation of immune system process,positive regulation of immune system process,immune response,response to other organism,positive regulation of response to stimulus,positive regulation of biological process,regulation of response to stimulus,response to stress,response to external stimulus,response to biotic stimulus,regulation of biological process",1789,363,1
"116","GO.0001881","cellular metabolic process,organic substance metabolic process",1538,308,0
"117","GO.0001886","cellular developmental process,anatomical structure morphogenesis,anatomical structure development",1374,253,1
"118","GO.0001889","multicellular organism development,anatomical structure development",2451,469,1
"119","GO.0001890","reproductive process,developmental process involved in reproduction,multicellular organism development,anatomical structure development",3996,782,1
"120","GO.0001892","reproductive process,developmental process involved in reproduction,multicellular organism development,anatomical structure development",3996,782,1
"121","GO.0001894","multicellular organismal homeostasis,regulation of biological quality",2639,492,1
"122","GO.0001895","multicellular organismal homeostasis,regulation of biological quality",2639,492,1
"123","GO.0001916","immune effector process,regulation of immune system process,positive regulation of immune system process,immune response,cell killing,positive regulation of cellular process,regulation of cellular process,positive regulation of response to stimulus,positive regulation of biological process,regulation of response to stimulus,regulation of biological process",1919,373,0
"124","GO.0001921","positive regulation of metabolic process,regulation of metabolic process,cellular metabolic process,organic substance metabolic process,positive regulation of cellular process,regulation of cellular process,regulation of signaling,positive regulation of signaling,positive regulation of biological process,regulation of biological process",3527,688,1
"125","GO.0001932","nitrogen compound metabolic process,regulation of metabolic process,cellular metabolic process,primary metabolic process,organic substance metabolic process,regulation of cellular process,regulation of biological process",3336,641,1
"126","GO.0001933","nitrogen compound metabolic process,negative regulation of metabolic process,regulation of metabolic process,cellular metabolic process,primary metabolic process,organic substance metabolic process,negative regulation of cellular process,regulation of cellular process,negative regulation of biological process,regulation of biological process",3250,616,1
"127","GO.0001935","cell population proliferation",1280,223,0
"128","GO.0001937","cell population proliferation,negative regulation of cellular process,regulation of cellular process,negative regulation of biological process,regulation of biological process",1310,230,1
"129","GO.0001938","cell population proliferation,positive regulation of cellular process,regulation of cellular process,positive regulation of biological process,regulation of biological process",1324,234,1
"130","GO.0001942","multicellular organism development,molting cycle process,molting cycle,anatomical structure development",2491,475,1
"131","GO.0001944","multicellular organism development,anatomical structure development",2451,469,1
"132","GO.0001946","multicellular organism development,anatomical structure morphogenesis,anatomical structure formation involved in morphogenesis,anatomical structure development",2471,472,1
"133","GO.0001947","multicellular organism development,pattern specification process,anatomical structure morphogenesis,anatomical structure development",2526,480,1
"134","GO.0001952","cell adhesion,regulation of cellular process,regulation of biological process",550,93,1
"135","GO.0001953","cell adhesion,negative regulation of cellular process,regulation of cellular process,negative regulation of biological process,regulation of biological process",534,88,1
"136","GO.0001954","cell adhesion,positive regulation of cellular process,regulation of cellular process,positive regulation of biological process,regulation of biological process",541,91,1
"137","GO.0001958","ossification,multicellular organism development,anatomical structure morphogenesis,anatomical structure development",3381,651,1
"138","GO.0001960","cell communication,signal transduction,negative regulation of cellular process,regulation of cellular process,cellular response to stimulus,regulation of signaling,negative regulation of signaling,negative regulation of response to stimulus,negative regulation of biological process,regulation of response to stimulus,response to chemical,regulation of biological process",843,139,0
"139","GO.0001961","cell communication,signal transduction,positive regulation of cellular process,regulation of cellular process,cellular response to stimulus,regulation of signaling,positive regulation of signaling,positive regulation of response to stimulus,positive regulation of biological process,regulation of response to stimulus,response to chemical,regulation of biological process",888,147,0
"140","GO.0001963","cell communication,cell-cell signaling",568,95,1
"141","GO.0001964","system process,response to external stimulus",4679,854,1
"142","GO.0001967","feeding behavior",1717,355,1
"143","GO.0001974","tissue remodeling",4690,858,1
"144","GO.0001975","response to chemical",4205,795,1
"145","GO.0002003","nitrogen compound metabolic process,hormone metabolic process,cellular metabolic process,primary metabolic process,organic substance metabolic process,system process,regulation of biological quality",3216,603,0
"146","GO.0002009","anatomical structure morphogenesis,anatomical structure development",79,22,1
"147","GO.0002011","anatomical structure morphogenesis,anatomical structure development",79,22,0
"148","GO.0002024","adaptive thermogenesis,response to dietary excess,response to external stimulus",59,18,1
"149","GO.0002026","system process,regulation of multicellular organismal process,regulation of biological process,regulation of biological quality",4654,850,1
"150","GO.0002027","system process,regulation of multicellular organismal process,regulation of biological process,regulation of biological quality",4654,850,1
"151","GO.0002028","regulation of localization,establishment of localization,regulation of biological process",3804,756,1
"152","GO.0002031","cellular metabolic process,organic substance metabolic process,cell communication,signal transduction,vesicle-mediated transport,negative regulation of cellular process,regulation of cellular process,cellular response to stimulus,regulation of signaling,negative regulation of signaling,negative regulation of response to stimulus,negative regulation of biological process,regulation of response to stimulus,establishment of localization,regulation of biological process",1542,309,1
"153","GO.0002040","multicellular organism development,anatomical structure morphogenesis,anatomical structure formation involved in morphogenesis,anatomical structure development",2471,472,1
"154","GO.0002042","movement of cell or subcellular component,localization of cell,multicellular organism development,tissue migration,anatomical structure morphogenesis,anatomical structure formation involved in morphogenesis,anatomical structure development,cell motility",2341,448,1
"155","GO.0002052","cell population proliferation,positive regulation of cellular process,cellular developmental process,regulation of cellular process,multicellular organism development,regulation of multicellular organismal process,positive regulation of multicellular organismal process,anatomical structure development,regulation of developmental process,positive regulation of developmental process,positive regulation of biological process,regulation of biological process",1313,231,1
"156","GO.0002053","cell population proliferation,positive regulation of cellular process,regulation of cellular process,positive regulation of biological process,regulation of biological process",1324,234,1
"157","GO.0002062","cellular developmental process,multicellular organism development,anatomical structure development",1405,264,1
"158","GO.0002063","cellular developmental process,multicellular organism development,anatomical structure development",1405,264,1
"159","GO.0002064","cellular developmental process,anatomical structure development",1371,252,1
"160","GO.0002076","cellular developmental process,ossification,anatomical structure development",1422,269,1
"161","GO.0002082","regulation of metabolic process,cellular metabolic process,ATP metabolic process,regulation of cellular process,regulation of biological process",3828,760,0
"162","GO.0002084","nitrogen compound metabolic process,catabolic process,cellular metabolic process,primary metabolic process,organic substance metabolic process",3077,566,0
"163","GO.0002087","system process,respiratory gaseous exchange by respiratory system,regulation of multicellular organismal process,regulation of biological process",4675,852,1
"164","GO.0002088","multicellular organism development,anatomical structure development",2451,469,1
"165","GO.0002089","multicellular organism development,anatomical structure morphogenesis,anatomical structure development",2464,471,1
"166","GO.0002091","negative regulation of metabolic process,regulation of metabolic process,cellular metabolic process,organic substance metabolic process,vesicle-mediated transport,negative regulation of cellular process,regulation of cellular process,cellular component organization or biogenesis,negative regulation of transport,regulation of localization,negative regulation of biological process,establishment of localization,regulation of biological process",2783,523,1
"167","GO.0002092","positive regulation of metabolic process,regulation of metabolic process,cellular metabolic process,organic substance metabolic process,vesicle-mediated transport,positive regulation of cellular process,regulation of cellular process,cellular component organization or biogenesis,positive regulation of transport,regulation of localization,positive regulation of biological process,establishment of localization,regulation of biological process",3528,689,1
"168","GO.0002098","nitrogen compound metabolic process,cellular metabolic process,primary metabolic process,organic substance metabolic process",3181,592,0
"169","GO.0002115","establishment of localization",1683,348,0
"170","GO.0002181","nitrogen compound metabolic process,biosynthetic process,cellular metabolic process,primary metabolic process,organic substance metabolic process",2860,539,1
"171","GO.0002218","activation of immune response,regulation of immune system process,positive regulation of immune system process,immune response,response to other organism,positive regulation of response to stimulus,positive regulation of biological process,regulation of response to stimulus,response to stress,response to external stimulus,response to biotic stimulus,regulation of biological process",56,17,1
"172","GO.0002223","activation of immune response,regulation of immune system process,positive regulation of immune system process,immune response,cell communication,signal transduction,regulation of cellular process,cellular response to stimulus,response to other organism,positive regulation of response to stimulus,positive regulation of biological process,regulation of response to stimulus,response to stress,response to external stimulus,response to biotic stimulus,regulation of biological process",54,16,0
"173","GO.0002224","regulation of immune system process,immune response,cell communication,signal transduction,regulation of cellular process,cellular response to stimulus,regulation of response to stimulus,regulation of biological process",3697,730,1
"174","GO.0002227","immune response,response to other organism,response to stress,response to external stimulus,response to biotic stimulus",1991,381,0
"175","GO.0002230","regulation of immune system process,immune response,response to other organism,regulation of response to stimulus,response to stress,response to external stimulus,response to biotic stimulus,regulation of biological process",3721,732,1
"176","GO.0002232","leukocyte migration,movement of cell or subcellular component,localization of cell,cellular response to stimulus,taxis,cell motility,response to stress,response to external stimulus,response to chemical",2097,409,0
"177","GO.0002244","immune system development,cellular developmental process,multicellular organism development,anatomical structure development",2002,386,1
"178","GO.0002262","regulation of biological quality",3607,707,0
"179","GO.0002281","immune effector process,immune response,leukocyte activation,cell activation",1801,366,1
"180","GO.0002286","immune effector process,immune response,leukocyte activation,cell activation",1801,366,0
"181","GO.0002323","immune effector process,immune response,leukocyte activation,cell activation",1801,366,0
"182","GO.0002357","response to stress,response to biotic stimulus",4238,807,0
"183","GO.0002376","907",907,907,1
"184","GO.0002377","production of molecular mediator of immune response,organic substance metabolic process",3593,703,0
"185","GO.0002381","immune effector process,production of molecular mediator of immune response,immune response,organic substance metabolic process",1831,368,0
"186","GO.0002407","leukocyte migration,movement of cell or subcellular component,localization of cell,cellular response to stimulus,taxis,cell motility,response to external stimulus,response to chemical",2096,408,0
"187","GO.0002430","activation of immune response,regulation of immune system process,positive regulation of immune system process,immune response,cell communication,signal transduction,regulation of cellular process,cellular response to stimulus,positive regulation of response to stimulus,positive regulation of biological process,regulation of response to stimulus,regulation of biological process",52,15,0
"188","GO.0002437","immune response,response to stress",1994,383,1
"189","GO.0002456","immune effector process,immune response",1792,364,0
"190","GO.0002503","antigen processing and presentation,cellular component organization or biogenesis",115,26,0
"191","GO.0002523","leukocyte migration,movement of cell or subcellular component,localization of cell,cell motility,response to stress",2095,407,1
"192","GO.0002526","response to stress",4232,805,0
"193","GO.0002548","leukocyte migration,movement of cell or subcellular component,localization of cell,cellular response to stimulus,taxis,cell motility,response to external stimulus,response to chemical",2096,408,1
"194","GO.0002639","immune effector process,production of molecular mediator of immune response,regulation of immune system process,positive regulation of immune system process,positive regulation of metabolic process,regulation of metabolic process,organic substance metabolic process,positive regulation of biological process,regulation of biological process",1867,371,1
"195","GO.0002675","positive regulation of response to stimulus,positive regulation of biological process,regulation of response to stimulus,response to stress,response to external stimulus,regulation of biological process",3569,698,0
"196","GO.0002682","regulation of biological process",3605,706,0
"197","GO.0002687","regulation of immune system process,positive regulation of immune system process,leukocyte migration,movement of cell or subcellular component,positive regulation of cellular process,regulation of cellular process,localization of cell,regulation of locomotion,positive regulation of locomotion,cell motility,regulation of localization,positive regulation of biological process,regulation of biological process",3801,754,1
"198","GO.0002690","regulation of immune system process,positive regulation of immune system process,leukocyte migration,movement of cell or subcellular component,positive regulation of cellular process,regulation of cellular process,localization of cell,cellular response to stimulus,regulation of locomotion,positive regulation of locomotion,taxis,cell motility,positive regulation of response to stimulus,regulation of localization,positive regulation of biological process,regulation of response to stimulus,response to external stimulus,response to chemical,regulation of biological process",3800,753,1
"199","GO.0002720","immune effector process,production of molecular mediator of immune response,regulation of immune system process,positive regulation of immune system process,immune response,positive regulation of metabolic process,regulation of metabolic process,organic substance metabolic process,cytokine production,regulation of multicellular organismal process,positive regulation of multicellular organismal process,positive regulation of biological process,regulation of biological process",1858,369,1
"200","GO.0002726","immune effector process,production of molecular mediator of immune response,regulation of immune system process,positive regulation of immune system process,immune response,positive regulation of metabolic process,regulation of metabolic process,organic substance metabolic process,cytokine production,regulation of multicellular organismal process,positive regulation of multicellular organismal process,positive regulation of response to stimulus,positive regulation of biological process,regulation of response to stimulus,regulation of biological process",1859,370,0
"201","GO.0002755","regulation of immune system process,immune response,cell communication,signal transduction,regulation of cellular process,cellular response to stimulus,regulation of response to stimulus,regulation of biological process",3697,730,0
"202","GO.0002819","regulation of immune system process,immune response,regulation of response to stimulus,regulation of biological process",3717,731,1
"203","GO.0002827","regulation of immune system process,positive regulation of immune system process,immune response,positive regulation of response to stimulus,positive regulation of biological process,regulation of response to stimulus,regulation of biological process",3786,746,0
"204","GO.0002862","regulation of immune system process,negative regulation of immune system process,immune response,negative regulation of response to stimulus,negative regulation of biological process,regulation of response to stimulus,response to stress,response to external stimulus,regulation of biological process",3753,739,1
"205","GO.0002931","response to stress",4232,805,1
"206","GO.0003007","multicellular organism development,anatomical structure morphogenesis,anatomical structure development",2464,471,1
"207","GO.0003009","system process,multicellular organismal movement",4613,840,1
"208","GO.0003016","system process,respiratory gaseous exchange by respiratory system",4672,851,1
"209","GO.0003073","system process,regulation of biological quality",4622,842,0
"210","GO.0003084","system process,regulation of biological quality",4622,842,0
"211","GO.0003085","system process,regulation of biological quality",4622,842,0
"212","GO.0003091","system process,multicellular organismal homeostasis,regulation of biological quality",4609,839,1
"213","GO.0003094","system process",4578,834,0
"214","GO.0003139","multicellular organism development,pattern specification process,anatomical structure morphogenesis,anatomical structure formation involved in morphogenesis,anatomical structure development",2530,481,1
"215","GO.0003148","multicellular organism development,anatomical structure morphogenesis,anatomical structure development",2464,471,1
"216","GO.0003151","multicellular organism development,anatomical structure morphogenesis,anatomical structure development",2464,471,1
"217","GO.0003161","multicellular organism development,anatomical structure development",2451,469,1
"218","GO.0003180","multicellular organism development,anatomical structure morphogenesis,anatomical structure development",2464,471,1
"219","GO.0003181","multicellular organism development,anatomical structure morphogenesis,anatomical structure development",2464,471,1
"220","GO.0003184","multicellular organism development,anatomical structure morphogenesis,anatomical structure development",2464,471,1
"221","GO.0003198","cellular developmental process,multicellular organism development,anatomical structure morphogenesis,anatomical structure formation involved in morphogenesis,anatomical structure development",1408,266,1
"222","GO.0003203","multicellular organism development,anatomical structure morphogenesis,anatomical structure development",2464,471,1
"223","GO.0003214","multicellular organism development,anatomical structure morphogenesis,anatomical structure development",2464,471,1
"224","GO.0003215","multicellular organism development,anatomical structure morphogenesis,anatomical structure development",2464,471,1
"225","GO.0003222","multicellular organism development,anatomical structure morphogenesis,anatomical structure development",2464,471,1
"226","GO.0003272","multicellular organism development,anatomical structure morphogenesis,anatomical structure formation involved in morphogenesis,anatomical structure development",2471,472,1
"227","GO.0003281","multicellular organism development,anatomical structure development",2451,469,1
"228","GO.0003300","system process",4578,834,1
"229","GO.0003323","cellular developmental process,multicellular organism development,anatomical structure development",1405,264,1
"230","GO.0003333","transmembrane transport,establishment of localization",4725,863,1
"231","GO.0003334","cellular developmental process,multicellular organism development,anatomical structure development",1405,264,0
"232","GO.0003341","movement of cell or subcellular component,microtubule-based process",2343,450,1
"233","GO.0003351","movement of cell or subcellular component,microtubule-based process,establishment of localization",2353,453,0
"234","GO.0003376","cell communication,signal transduction,regulation of cellular process,cellular response to stimulus,regulation of biological process",966,158,0
"235","GO.0003382","cellular developmental process,anatomical structure morphogenesis,anatomical structure development",1374,253,1
"236","GO.0003407","multicellular organism development,anatomical structure development",2451,469,0
"237","GO.0005513","response to chemical,detection of stimulus",4206,796,1
"238","GO.0005975","primary metabolic process,organic substance metabolic process",3577,701,1
"239","GO.0005977","cellular metabolic process,primary metabolic process,organic substance metabolic process",1558,313,1
"240","GO.0005978","biosynthetic process,cellular metabolic process,primary metabolic process,organic substance metabolic process",184,31,1
"241","GO.0005979","biosynthetic process,regulation of metabolic process,cellular metabolic process,primary metabolic process,small molecule metabolic process,organic substance metabolic process,regulation of cellular process,regulation of biological process",288,51,1
"242","GO.0005980","catabolic process,cellular metabolic process,primary metabolic process,organic substance metabolic process",351,59,0
"243","GO.0006000","primary metabolic process,small molecule metabolic process,organic substance metabolic process",3579,702,0
"244","GO.0006002","cellular metabolic process,organic substance metabolic process",1538,308,0
"245","GO.0006004","primary metabolic process,small molecule metabolic process,organic substance metabolic process",3579,702,0
"246","GO.0006006","primary metabolic process,small molecule metabolic process,organic substance metabolic process",3579,702,1
"247","GO.0006024","nitrogen compound metabolic process,biosynthetic process,organic substance metabolic process",2937,551,1
"248","GO.0006027","nitrogen compound metabolic process,catabolic process,organic substance metabolic process",3133,581,1
"249","GO.0006044","organic substance metabolic process",3369,648,0
"250","GO.0006048","nitrogen compound metabolic process,biosynthetic process,cellular metabolic process,primary metabolic process,small molecule metabolic process,organic substance metabolic process",2876,545,0
"251","GO.0006068","catabolic process,small molecule metabolic process,organic substance metabolic process",478,76,0
"252","GO.0006069","cellular metabolic process,small molecule metabolic process,organic substance metabolic process",1568,316,0
"253","GO.0006071","cellular metabolic process,primary metabolic process,small molecule metabolic process,organic substance metabolic process",1564,314,0
"254","GO.0006081","cellular metabolic process,organic substance metabolic process",1538,308,0
"255","GO.0006082","cellular metabolic process,small molecule metabolic process,organic substance metabolic process",1568,316,0
"256","GO.0006091","cellular metabolic process",1531,303,1
"257","GO.0006094","biosynthetic process,primary metabolic process,small molecule metabolic process,organic substance metabolic process",280,49,1
"258","GO.0006096","nitrogen compound metabolic process,catabolic process,cellular metabolic process,primary metabolic process,small molecule metabolic process,ATP metabolic process,organic substance metabolic process",3096,571,1
"259","GO.0006098","NADP metabolic process,cellular metabolic process,organic substance metabolic process",20,1,0
"260","GO.0006099","cellular metabolic process,primary metabolic process",1556,311,1
"261","GO.0006103","cellular metabolic process,small molecule metabolic process,organic substance metabolic process",1568,316,0
"262","GO.0006107","cellular metabolic process,small molecule metabolic process,organic substance metabolic process",1568,316,0
"263","GO.0006108","cellular metabolic process,small molecule metabolic process,organic substance metabolic process",1568,316,0
"264","GO.0006110","nitrogen compound metabolic process,catabolic process,regulation of metabolic process,cellular metabolic process,primary metabolic process,small molecule metabolic process,ATP metabolic process,organic substance metabolic process,regulation of cellular process,regulation of biological process",3160,588,0
"265","GO.0006111","biosynthetic process,regulation of metabolic process,cellular metabolic process,primary metabolic process,small molecule metabolic process,organic substance metabolic process,regulation of cellular process,regulation of biological process",288,51,1
"266","GO.0006112","cellular metabolic process",1531,303,0
"267","GO.0006119","cellular metabolic process,ATP metabolic process",1532,304,0
"268","GO.0006120","cellular metabolic process,ATP metabolic process",1532,304,1
"269","GO.0006122","cellular metabolic process,ATP metabolic process",1532,304,0
"270","GO.0006123","cellular metabolic process,ATP metabolic process",1532,304,0
"271","GO.0006139","nitrogen compound metabolic process,cellular metabolic process,primary metabolic process,organic substance metabolic process",3181,592,1
"272","GO.0006164","nitrogen compound metabolic process,biosynthetic process,cellular metabolic process,primary metabolic process,small molecule metabolic process,organic substance metabolic process",2876,545,0
"273","GO.0006165","nitrogen compound metabolic process,cellular metabolic process,primary metabolic process,small molecule metabolic process,organic substance metabolic process",3207,599,0
"274","GO.0006171","nitrogen compound metabolic process,biosynthetic process,cellular metabolic process,primary metabolic process,small molecule metabolic process,organic substance metabolic process",2876,545,0
"275","GO.0006182","nitrogen compound metabolic process,biosynthetic process,cellular metabolic process,primary metabolic process,small molecule metabolic process,organic substance metabolic process",2876,545,0
"276","GO.0006183","nitrogen compound metabolic process,biosynthetic process,cellular metabolic process,primary metabolic process,small molecule metabolic process,organic substance metabolic process",2876,545,0
"277","GO.0006198","nitrogen compound metabolic process,catabolic process,cellular metabolic process,primary metabolic process,small molecule metabolic process,organic substance metabolic process",3097,572,1
"278","GO.0006228","nitrogen compound metabolic process,biosynthetic process,cellular metabolic process,primary metabolic process,small molecule metabolic process,organic substance metabolic process",2876,545,0
"279","GO.0006241","nitrogen compound metabolic process,biosynthetic process,cellular metabolic process,primary metabolic process,small molecule metabolic process,organic substance metabolic process",2876,545,0
"280","GO.0006259","nitrogen compound metabolic process,cellular metabolic process,primary metabolic process,organic substance metabolic process",3181,592,0
"281","GO.0006260","biosynthetic process,cellular metabolic process,organic substance metabolic process",179,29,2
"282","GO.0006261","biosynthetic process,cellular metabolic process,organic substance metabolic process",179,29,1
"283","GO.0006264","biosynthetic process,cellular metabolic process,organic substance metabolic process",179,29,0
"284","GO.0006265","nitrogen compound metabolic process,cellular metabolic process,primary metabolic process,organic substance metabolic process,cellular component organization or biogenesis",3189,594,0
"285","GO.0006268","biosynthetic process,cellular metabolic process,organic substance metabolic process,cellular component organization or biogenesis",183,30,2
"286","GO.0006270","nitrogen compound metabolic process,biosynthetic process,cellular metabolic process,primary metabolic process,organic substance metabolic process",2860,539,2
"287","GO.0006275","biosynthetic process,regulation of metabolic process,cellular metabolic process,organic substance metabolic process,regulation of cellular process,regulation of biological process",282,50,0
"288","GO.0006282","nitrogen compound metabolic process,regulation of metabolic process,cellular metabolic process,primary metabolic process,organic substance metabolic process,regulation of cellular process,cellular response to stimulus,regulation of response to stimulus,response to stress,regulation of biological process",3333,640,0
"289","GO.0006283","nitrogen compound metabolic process,cellular metabolic process,primary metabolic process,organic substance metabolic process,cellular response to stimulus,response to stress",3194,596,0
"290","GO.0006284","nitrogen compound metabolic process,cellular metabolic process,primary metabolic process,organic substance metabolic process,cellular response to stimulus,response to stress",3194,596,2
"291","GO.0006287","nitrogen compound metabolic process,cellular metabolic process,primary metabolic process,organic substance metabolic process,cellular response to stimulus,response to stress",3194,596,0
"292","GO.0006289","nitrogen compound metabolic process,cellular metabolic process,primary metabolic process,organic substance metabolic process,cellular response to stimulus,response to stress",3194,596,2
"293","GO.0006297","nitrogen compound metabolic process,cellular metabolic process,primary metabolic process,organic substance metabolic process,cellular response to stimulus,response to stress",3194,596,0
"294","GO.0006298","nitrogen compound metabolic process,cellular metabolic process,primary metabolic process,organic substance metabolic process,cellular response to stimulus,response to stress",3194,596,2
"295","GO.0006301","nitrogen compound metabolic process,cellular metabolic process,primary metabolic process,organic substance metabolic process,cellular response to stimulus,response to stress",3194,596,0
"296","GO.0006302","nitrogen compound metabolic process,cellular metabolic process,primary metabolic process,organic substance metabolic process,cellular response to stimulus,response to stress",3194,596,2
"297","GO.0006303","nitrogen compound metabolic process,cellular metabolic process,primary metabolic process,organic substance metabolic process,cellular response to stimulus,response to stress",3194,596,2
"298","GO.0006306","nitrogen compound metabolic process,methylation,cellular metabolic process,primary metabolic process,organic substance metabolic process",3219,604,1
"299","GO.0006309","nitrogen compound metabolic process,catabolic process,cellular metabolic process,primary metabolic process,organic substance metabolic process,cell death,cellular component organization or biogenesis,execution phase of apoptosis",3080,567,0
"300","GO.0006310","nitrogen compound metabolic process,cellular metabolic process,primary metabolic process,organic substance metabolic process",3181,592,2
"301","GO.0006325","cellular component organization or biogenesis",1344,239,1
"302","GO.0006334","cellular component organization or biogenesis",1344,239,0
"303","GO.0006335","cellular component organization or biogenesis",1344,239,0
"304","GO.0006336","cellular component organization or biogenesis",1344,239,0
"305","GO.0006337","cellular component organization or biogenesis",1344,239,0
"306","GO.0006338","cellular component organization or biogenesis",1344,239,1
"307","GO.0006349","nitrogen compound metabolic process,regulation of metabolic process,cellular metabolic process,primary metabolic process,organic substance metabolic process,regulation of biological process",3328,638,1
"308","GO.0006351","nitrogen compound metabolic process,biosynthetic process,cellular metabolic process,primary metabolic process,organic substance metabolic process",2860,539,1
"309","GO.0006352","nitrogen compound metabolic process,biosynthetic process,cellular metabolic process,primary metabolic process,organic substance metabolic process",2860,539,0
"310","GO.0006353","nitrogen compound metabolic process,biosynthetic process,cellular metabolic process,primary metabolic process,organic substance metabolic process",2860,539,1
"311","GO.0006364","nitrogen compound metabolic process,cellular metabolic process,primary metabolic process,organic substance metabolic process,cellular component organization or biogenesis",3189,594,1
"312","GO.0006366","nitrogen compound metabolic process,biosynthetic process,cellular metabolic process,primary metabolic process,organic substance metabolic process",2860,539,1
"313","GO.0006367","nitrogen compound metabolic process,biosynthetic process,cellular metabolic process,primary metabolic process,organic substance metabolic process",2860,539,0
"314","GO.0006368","nitrogen compound metabolic process,biosynthetic process,cellular metabolic process,primary metabolic process,organic substance metabolic process",2860,539,1
"315","GO.0006370","nitrogen compound metabolic process,cellular metabolic process,primary metabolic process,organic substance metabolic process",3181,592,0
"316","GO.0006376","nitrogen compound metabolic process,cellular metabolic process,primary metabolic process,organic substance metabolic process,cellular component organization or biogenesis",3189,594,1
"317","GO.0006378","nitrogen compound metabolic process,cellular metabolic process,primary metabolic process,organic substance metabolic process",3181,592,0
"318","GO.0006382","nitrogen compound metabolic process,cellular metabolic process,primary metabolic process,organic substance metabolic process",3181,592,0
"319","GO.0006383","nitrogen compound metabolic process,biosynthetic process,cellular metabolic process,primary metabolic process,organic substance metabolic process",2860,539,1
"320","GO.0006388","nitrogen compound metabolic process,cellular metabolic process,primary metabolic process,organic substance metabolic process",3181,592,0
"321","GO.0006390","nitrogen compound metabolic process,biosynthetic process,cellular metabolic process,primary metabolic process,organic substance metabolic process",2860,539,0
"322","GO.0006397","nitrogen compound metabolic process,cellular metabolic process,primary metabolic process,organic substance metabolic process",3181,592,1
"323","GO.0006398","nitrogen compound metabolic process,cellular metabolic process,primary metabolic process,organic substance metabolic process",3181,592,0
"324","GO.0006400","nitrogen compound metabolic process,cellular metabolic process,primary metabolic process,organic substance metabolic process",3181,592,1
"325","GO.0006401","nitrogen compound metabolic process,catabolic process,cellular metabolic process,primary metabolic process,organic substance metabolic process",3077,566,1
"326","GO.0006402","nitrogen compound metabolic process,catabolic process,negative regulation of metabolic process,regulation of metabolic process,cellular metabolic process,primary metabolic process,organic substance metabolic process,negative regulation of biological process,regulation of biological process",3117,576,0
"327","GO.0006405","cellular localization,macromolecule localization,establishment of localization",1502,297,1
"328","GO.0006406","organic substance metabolic process,cellular localization,protein-containing complex localization,macromolecule localization,establishment of localization",3372,649,1
"329","GO.0006413","nitrogen compound metabolic process,biosynthetic process,cellular metabolic process,primary metabolic process,organic substance metabolic process",2860,539,1
"330","GO.0006414","nitrogen compound metabolic process,biosynthetic process,cellular metabolic process,primary metabolic process,organic substance metabolic process",2860,539,1
"331","GO.0006417","nitrogen compound metabolic process,biosynthetic process,regulation of metabolic process,cellular metabolic process,primary metabolic process,organic substance metabolic process,regulation of cellular process,regulation of biological process",3030,562,1
"332","GO.0006418","nitrogen compound metabolic process,biosynthetic process,cellular metabolic process,primary metabolic process,small molecule metabolic process,organic substance metabolic process",2876,545,0
"333","GO.0006446","nitrogen compound metabolic process,biosynthetic process,regulation of metabolic process,cellular metabolic process,primary metabolic process,organic substance metabolic process,regulation of cellular process,regulation of biological process",3030,562,1
"334","GO.0006457","907",907,907,1
"335","GO.0006464","nitrogen compound metabolic process,cellular metabolic process,primary metabolic process,organic substance metabolic process",3181,592,1
"336","GO.0006465","nitrogen compound metabolic process,cellular metabolic process,primary metabolic process,organic substance metabolic process",3181,592,0
"337","GO.0006469","nitrogen compound metabolic process,negative regulation of metabolic process,regulation of metabolic process,cellular metabolic process,primary metabolic process,organic substance metabolic process,negative regulation of cellular process,regulation of cellular process,negative regulation of biological process,regulation of biological process,regulation of molecular function",3252,617,1
"338","GO.0006470","nitrogen compound metabolic process,cellular metabolic process,primary metabolic process,organic substance metabolic process",3181,592,1
"339","GO.0006471","nitrogen compound metabolic process,cellular metabolic process,primary metabolic process,organic substance metabolic process",3181,592,2
"340","GO.0006473","nitrogen compound metabolic process,cellular metabolic process,primary metabolic process,organic substance metabolic process",3181,592,0
"341","GO.0006474","nitrogen compound metabolic process,cellular metabolic process,primary metabolic process,organic substance metabolic process",3181,592,0
"342","GO.0006476","nitrogen compound metabolic process,cellular metabolic process,primary metabolic process,organic substance metabolic process",3181,592,1
"343","GO.0006479","nitrogen compound metabolic process,methylation,cellular metabolic process,primary metabolic process,organic substance metabolic process",3219,604,1
"344","GO.0006482","nitrogen compound metabolic process,cellular metabolic process,primary metabolic process,demethylation,organic substance metabolic process",3180,591,0
"345","GO.0006486","nitrogen compound metabolic process,biosynthetic process,cellular metabolic process,primary metabolic process,glycosylation,organic substance metabolic process",2859,538,1
"346","GO.0006487","nitrogen compound metabolic process,biosynthetic process,cellular metabolic process,primary metabolic process,glycosylation,organic substance metabolic process",2859,538,1
"347","GO.0006488","nitrogen compound metabolic process,biosynthetic process,cellular metabolic process,primary metabolic process,glycosylation,organic substance metabolic process",2859,538,1
"348","GO.0006491","nitrogen compound metabolic process,cellular metabolic process,primary metabolic process,organic substance metabolic process",3181,592,1
"349","GO.0006493","nitrogen compound metabolic process,biosynthetic process,cellular metabolic process,primary metabolic process,glycosylation,organic substance metabolic process",2859,538,1
"350","GO.0006497","nitrogen compound metabolic process,biosynthetic process,cellular metabolic process,primary metabolic process,organic substance metabolic process",2860,539,0
"351","GO.0006506","nitrogen compound metabolic process,biosynthetic process,cellular metabolic process,primary metabolic process,organic substance metabolic process",2860,539,1
"352","GO.0006509","nitrogen compound metabolic process,primary metabolic process,organic substance metabolic process",3310,634,1
"353","GO.0006513","nitrogen compound metabolic process,cellular metabolic process,primary metabolic process,organic substance metabolic process",3181,592,1
"354","GO.0006515","nitrogen compound metabolic process,catabolic process,cellular metabolic process,primary metabolic process,organic substance metabolic process",3077,566,1
"355","GO.0006516","nitrogen compound metabolic process,catabolic process,cellular metabolic process,primary metabolic process,organic substance metabolic process",3077,566,0
"356","GO.0006517","nitrogen compound metabolic process,cellular metabolic process,primary metabolic process,organic substance metabolic process",3181,592,0
"357","GO.0006518","nitrogen compound metabolic process,cellular metabolic process,organic substance metabolic process",3176,590,1
"358","GO.0006520","nitrogen compound metabolic process,cellular metabolic process,primary metabolic process,small molecule metabolic process,organic substance metabolic process",3207,599,1
"359","GO.0006527","nitrogen compound metabolic process,catabolic process,cellular metabolic process,primary metabolic process,small molecule metabolic process,organic substance metabolic process",3097,572,0
"360","GO.0006536","nitrogen compound metabolic process,cellular metabolic process,primary metabolic process,small molecule metabolic process,organic substance metabolic process",3207,599,1
"361","GO.0006541","nitrogen compound metabolic process,cellular metabolic process,primary metabolic process,small molecule metabolic process,organic substance metabolic process",3207,599,0
"362","GO.0006548","nitrogen compound metabolic process,catabolic process,cellular metabolic process,primary metabolic process,small molecule metabolic process,organic substance metabolic process",3097,572,0
"363","GO.0006552","nitrogen compound metabolic process,catabolic process,cellular metabolic process,primary metabolic process,small molecule metabolic process,organic substance metabolic process",3097,572,0
"364","GO.0006556","biosynthetic process,cellular metabolic process,organic substance metabolic process",179,29,0
"365","GO.0006559","nitrogen compound metabolic process,catabolic process,cellular metabolic process,primary metabolic process,small molecule metabolic process,organic substance metabolic process",3097,572,1
"366","GO.0006590","nitrogen compound metabolic process,hormone metabolic process,cellular metabolic process,organic substance metabolic process,regulation of biological quality",3214,601,0
"367","GO.0006605","cellular localization,macromolecule localization,establishment of localization",1502,297,1
"368","GO.0006606","cellular localization,macromolecule localization,establishment of localization",1502,297,1
"369","GO.0006607","cellular localization,macromolecule localization,establishment of localization",1502,297,0
"370","GO.0006611","cellular localization,macromolecule localization,establishment of localization",1502,297,1
"371","GO.0006612","cellular localization,macromolecule localization,establishment of localization",1502,297,1
"372","GO.0006613","cellular localization,macromolecule localization,establishment of localization",1502,297,0
"373","GO.0006614","cellular localization,macromolecule localization,establishment of localization",1502,297,0
"374","GO.0006617","cellular localization,cellular component organization or biogenesis,macromolecule localization,establishment of localization",1493,293,0
"375","GO.0006621","cellular localization,maintenance of location in cell,macromolecule localization,maintenance of location",1506,298,0
"376","GO.0006622","vacuolar transport,cellular localization,macromolecule localization,establishment of localization",4741,868,0
"377","GO.0006623","vacuolar transport,cellular localization,macromolecule localization,establishment of localization",4741,868,0
"378","GO.0006625","cellular localization,cellular component organization or biogenesis,macromolecule localization,establishment of localization",1493,293,0
"379","GO.0006626","cellular localization,cellular component organization or biogenesis,macromolecule localization,establishment of localization",1493,293,1
"380","GO.0006629","primary metabolic process,organic substance metabolic process",3577,701,1
"381","GO.0006631","cellular metabolic process,primary metabolic process,small molecule metabolic process,organic substance metabolic process",1564,314,1
"382","GO.0006633","biosynthetic process,cellular metabolic process,primary metabolic process,small molecule metabolic process,organic substance metabolic process",188,32,1
"383","GO.0006635","catabolic process,cellular metabolic process,primary metabolic process,small molecule metabolic process,organic substance metabolic process",360,60,1
"384","GO.0006636","biosynthetic process,cellular metabolic process,primary metabolic process,small molecule metabolic process,organic substance metabolic process",188,32,1
"385","GO.0006637","nitrogen compound metabolic process,cellular metabolic process,primary metabolic process,small molecule metabolic process,organic substance metabolic process",3207,599,1
"386","GO.0006641","cellular metabolic process,primary metabolic process,organic substance metabolic process",1558,313,1
"387","GO.0006644","cellular metabolic process,primary metabolic process,organic substance metabolic process",1558,313,1
"388","GO.0006646","biosynthetic process,cellular metabolic process,primary metabolic process,organic substance metabolic process",184,31,1
"389","GO.0006654","biosynthetic process,cellular metabolic process,primary metabolic process,organic substance metabolic process",184,31,1
"390","GO.0006656","nitrogen compound metabolic process,biosynthetic process,cellular metabolic process,primary metabolic process,organic substance metabolic process",2860,539,1
"391","GO.0006657","nitrogen compound metabolic process,biosynthetic process,cellular metabolic process,primary metabolic process,organic substance metabolic process",2860,539,0
"392","GO.0006661","biosynthetic process,cellular metabolic process,primary metabolic process,organic substance metabolic process",184,31,1
"393","GO.0006665","nitrogen compound metabolic process,cellular metabolic process,primary metabolic process,organic substance metabolic process",3181,592,1
"394","GO.0006670","nitrogen compound metabolic process,cellular metabolic process,primary metabolic process,small molecule metabolic process,organic substance metabolic process",3207,599,0
"395","GO.0006672","nitrogen compound metabolic process,cellular metabolic process,primary metabolic process,organic substance metabolic process",3181,592,1
"396","GO.0006687","nitrogen compound metabolic process,cellular metabolic process,primary metabolic process,organic substance metabolic process",3181,592,1
"397","GO.0006688","nitrogen compound metabolic process,biosynthetic process,cellular metabolic process,primary metabolic process,organic substance metabolic process",2860,539,1
"398","GO.0006689","nitrogen compound metabolic process,catabolic process,cellular metabolic process,primary metabolic process,organic substance metabolic process",3077,566,0
"399","GO.0006690","cellular metabolic process,small molecule metabolic process,organic substance metabolic process",1568,316,0
"400","GO.0006691","cellular metabolic process,small molecule metabolic process,organic substance metabolic process",1568,316,0
"401","GO.0006693","cellular metabolic process,primary metabolic process,small molecule metabolic process,organic substance metabolic process",1564,314,0
"402","GO.0006694","biosynthetic process,primary metabolic process,organic substance metabolic process",279,48,1
"403","GO.0006695","biosynthetic process,primary metabolic process,small molecule metabolic process,organic substance metabolic process",280,49,0
"404","GO.0006699","biosynthetic process,cellular metabolic process,primary metabolic process,small molecule metabolic process,organic substance metabolic process",188,32,1
"405","GO.0006702","biosynthetic process,hormone metabolic process,cellular metabolic process,primary metabolic process,organic substance metabolic process,regulation of biological quality",199,35,0
"406","GO.0006703","biosynthetic process,hormone metabolic process,cellular metabolic process,primary metabolic process,organic substance metabolic process,regulation of biological quality",199,35,1
"407","GO.0006707","catabolic process,primary metabolic process,small molecule metabolic process,organic substance metabolic process",439,73,0
"408","GO.0006729","nitrogen compound metabolic process,biosynthetic process,cellular metabolic process,small molecule metabolic process,organic substance metabolic process",2880,546,0
"409","GO.0006730","cellular metabolic process,small molecule metabolic process",1567,315,1
"410","GO.0006744","biosynthetic process,cellular metabolic process,small molecule metabolic process,organic substance metabolic process",194,34,1
"411","GO.0006749","nitrogen compound metabolic process,cellular metabolic process,organic substance metabolic process",3176,590,1
"412","GO.0006750","nitrogen compound metabolic process,biosynthetic process,cellular metabolic process,organic substance metabolic process",2855,537,0
"413","GO.0006751","nitrogen compound metabolic process,catabolic process,cellular metabolic process,organic substance metabolic process",3072,565,0
"414","GO.0006754","nitrogen compound metabolic process,biosynthetic process,cellular metabolic process,primary metabolic process,small molecule metabolic process,ATP metabolic process,organic substance metabolic process",2873,542,0
"415","GO.0006782","nitrogen compound metabolic process,biosynthetic process,pigment metabolic process,cellular metabolic process,organic substance metabolic process",2940,552,0
"416","GO.0006783","nitrogen compound metabolic process,biosynthetic process,pigment metabolic process,cellular metabolic process,organic substance metabolic process",2940,552,1
"417","GO.0006790","cellular metabolic process",1531,303,1
"418","GO.0006796","cellular metabolic process",1531,303,0
"419","GO.0006801","cellular metabolic process",1531,303,1
"420","GO.0006805","cellular metabolic process,cellular response to stimulus,response to chemical",1537,307,1
"421","GO.0006809","nitrogen compound metabolic process,biosynthetic process,cellular metabolic process",2854,536,1
"422","GO.0006810","establishment of localization",1683,348,1
"423","GO.0006811","establishment of localization",1683,348,1
"424","GO.0006812","establishment of localization",1683,348,1
"425","GO.0006813","establishment of localization",1683,348,1
"426","GO.0006814","establishment of localization",1683,348,1
"427","GO.0006816","establishment of localization",1683,348,1
"428","GO.0006820","establishment of localization",1683,348,1
"429","GO.0006821","establishment of localization",1683,348,1
"430","GO.0006825","establishment of localization",1683,348,0
"431","GO.0006826","establishment of localization",1683,348,1
"432","GO.0006828","establishment of localization",1683,348,0
"433","GO.0006829","establishment of localization",1683,348,0
"434","GO.0006833","establishment of localization",1683,348,0
"435","GO.0006836","establishment of localization",1683,348,1
"436","GO.0006839","establishment of localization",1683,348,1
"437","GO.0006851","transmembrane transport,establishment of localization",4725,863,0
"438","GO.0006865","establishment of localization",1683,348,1
"439","GO.0006868","establishment of localization",1683,348,0
"440","GO.0006869","macromolecule localization,establishment of localization",2111,413,1
"441","GO.0006874","cellular homeostasis,regulation of biological quality",1481,289,1
"442","GO.0006878","cellular homeostasis,regulation of biological quality",1481,289,1
"443","GO.0006879","cellular homeostasis,regulation of biological quality",1481,289,1
"444","GO.0006882","cellular homeostasis,regulation of biological quality",1481,289,1
"445","GO.0006883","cellular homeostasis,regulation of biological quality",1481,289,1
"446","GO.0006884","cellular homeostasis,cellular component organization or biogenesis,regulation of biological quality",1455,279,1
"447","GO.0006885","regulation of biological quality",3607,707,0
"448","GO.0006887","vesicle-mediated transport,export from cell,establishment of localization",4791,878,1
"449","GO.0006888","vesicle-mediated transport,cellular localization,establishment of localization",4779,875,1
"450","GO.0006890","vesicle-mediated transport,establishment of localization",4789,877,1
"451","GO.0006891","vesicle-mediated transport,establishment of localization",4789,877,1
"452","GO.0006892","vesicle-mediated transport,establishment of localization",4789,877,1
"453","GO.0006893","vesicle-mediated transport,cellular localization,establishment of localization",4779,875,1
"454","GO.0006895","vesicle-mediated transport,cellular localization,establishment of localization",4779,875,0
"455","GO.0006896","vacuolar transport,vesicle-mediated transport,cellular localization,establishment of localization",4755,870,0
"456","GO.0006898","vesicle-mediated transport,establishment of localization",4789,877,1
"457","GO.0006900","vesicle-mediated transport,cellular component organization or biogenesis,establishment of localization",4768,873,1
"458","GO.0006904","vesicle-mediated transport,membrane docking,cellular localization,exocytic process,export from cell,establishment of localization",4795,880,1
"459","GO.0006906","vesicle-mediated transport,cellular component organization or biogenesis,establishment of localization",4768,873,1
"460","GO.0006909","vesicle-mediated transport,establishment of localization",4789,877,1
"461","GO.0006910","cell recognition,vesicle-mediated transport,establishment of localization",1340,238,0
"462","GO.0006911","vesicle-mediated transport,cellular component organization or biogenesis,establishment of localization",4768,873,0
"463","GO.0006913","cellular localization,establishment of localization",1499,294,1
"464","GO.0006914","catabolic process,cellular metabolic process,process utilizing autophagic mechanism",362,61,1
"465","GO.0006919","nitrogen compound metabolic process,positive regulation of metabolic process,regulation of metabolic process,cellular metabolic process,primary metabolic process,organic substance metabolic process,positive regulation of cellular process,regulation of cellular process,positive regulation of biological process,regulation of biological process,regulation of molecular function",3293,630,1
"466","GO.0006935","taxis,response to external stimulus,response to chemical",4687,857,1
"467","GO.0006936","system process",4578,834,1
"468","GO.0006937","system process,regulation of multicellular organismal process,regulation of biological process",4653,849,1
"469","GO.0006939","system process",4578,834,1
"470","GO.0006940","system process,regulation of multicellular organismal process,regulation of biological process",4653,849,0
"471","GO.0006941","system process",4578,834,1
"472","GO.0006952","response to stress",4232,805,1
"473","GO.0006953","response to stress",4232,805,1
"474","GO.0006956","immune effector process,activation of immune response,regulation of immune system process,positive regulation of immune system process,immune response,positive regulation of response to stimulus,positive regulation of biological process,regulation of response to stimulus,regulation of biological process",1788,362,1
"475","GO.0006957","immune effector process,activation of immune response,regulation of immune system process,positive regulation of immune system process,immune response,response to other organism,positive regulation of response to stimulus,positive regulation of biological process,regulation of response to stimulus,response to stress,response to external stimulus,response to biotic stimulus,regulation of biological process",1789,363,0
"476","GO.0006958","immune effector process,activation of immune response,regulation of immune system process,positive regulation of immune system process,immune response,positive regulation of response to stimulus,positive regulation of biological process,regulation of response to stimulus,regulation of biological process",1788,362,1
"477","GO.0006959","immune response",1961,376,1
"478","GO.0006968","response to stress",4232,805,1
"479","GO.0006970","response to stress,response to abiotic stimulus",4234,806,1
"480","GO.0006977","cell cycle,cell communication,signal transduction,cell cycle process,negative regulation of cellular process,regulation of cellular process,cellular response to stimulus,negative regulation of biological process,response to stress,regulation of biological process",1037,179,1
"481","GO.0006978","cell communication,signal transduction,regulation of cellular process,cellular response to stimulus,response to stress,regulation of biological process",999,169,0
"482","GO.0006979","response to stress",4232,805,1
"483","GO.0006983","cell communication,signal transduction,regulation of cellular process,cellular response to stimulus,response to stress,response to biotic stimulus,regulation of biological process",1002,170,0
"484","GO.0006986","response to stress,response to chemical",4239,808,1
"485","GO.0006995","cell communication,cellular response to stimulus,response to stress,response to external stimulus",611,102,0
"486","GO.0006996","cellular component organization or biogenesis",1344,239,1
"487","GO.0006997","cellular component organization or biogenesis",1344,239,1
"488","GO.0006998","cellular component organization or biogenesis",1344,239,1
"489","GO.0007004","nitrogen compound metabolic process,biosynthetic process,cellular metabolic process,primary metabolic process,organic substance metabolic process,cellular component organization or biogenesis",2865,540,0
"490","GO.0007005","cellular component organization or biogenesis",1344,239,1
"491","GO.0007007","cellular component organization or biogenesis",1344,239,0
"492","GO.0007009","cellular component organization or biogenesis",1344,239,1
"493","GO.0007010","cellular component organization or biogenesis",1344,239,1
"494","GO.0007015","actin filament-based process,cellular component organization or biogenesis",29,3,1
"495","GO.0007017","907",907,907,1
"496","GO.0007018","movement of cell or subcellular component,microtubule-based process",2343,450,1
"497","GO.0007019","microtubule-based process,cellular component organization or biogenesis",2149,421,0
"498","GO.0007020","microtubule-based process,cellular component organization or biogenesis",2149,421,1
"499","GO.0007026","microtubule-based process,negative regulation of cellular process,regulation of cellular process,cellular component organization or biogenesis,negative regulation of biological process,regulation of biological process",2154,422,1
"500","GO.0007029","cellular component organization or biogenesis",1344,239,1
